"","trip","grid","valley","grid.id","mean.r","se.r","lcl.r","ucl.r","model","var","grid.n","min_ind","lag.N","lag.rat.mna","controlT","month","year","total","cum.seed","seedm2","log.cum.seed","lag.S.L","lag.S","b0","b.seed","b.dens","b.rat","pred"
"1","2","egl M1","egl","M1",0.517177655535832,0.298743009826703,-0.0226022754327666,1.12588430995615,"log","r[2,1]",1,65,85.0548157585902,1,"eglC","Aug",1999,6,621.339444868857,30.5576776165011,2.79402732813534,2.77216158045342,590.781767252356,-0.848465100341139,0.784529286787432,-0.0122652123587397,0.0151581128807933,0.315473902133682
"2","2","egl M2","egl","M2",1.75174988909184,0.348018981991912,1.10186049001476,2.4816245866217,"log","r[2,2]",2,47,27.2043967168127,2,"eglC","Aug",1999,133,2464.98599439776,677.361853832442,3.39199060568508,3.25251908800833,1787.62414056532,-0.848465100341139,0.784529286787432,-0.0122652123587397,0.0151581128807933,1.50929939326513
"3","2","egl MR1","egl","MR1",1.24374489086736,0.361382813796673,0.566922794188842,1.96115292034474,"log","r[2,3]",3,53,33.9016972138992,1,"eglC","Aug",1999,11,656.990068754775,56.0224089635854,2.81821933872406,2.77957315977692,600.967659791189,-0.848465100341139,0.784529286787432,-0.0122652123587397,0.0151581128807933,0.961857104709225
"4","2","egl MR2","egl","MR2",1.3659128508907,0.263755636056579,0.872929023347866,1.9068445166886,"log","r[2,4]",4,82,64.9042908137373,0,"eglC","Aug",1999,112,2454.80010185893,570.409982174688,3.39019301304209,3.27540122684753,1884.39011968424,-0.848465100341139,0.784529286787432,-0.0122652123587397,0.0151581128807933,1.01517569642863
"5","2","hol M1","hol","M1",-0.280932688310224,0.514193048377504,-1.25937856563534,0.753219582035912,"log","r[2,5]",5,1,5.23874920325949,0,"holN","Aug",1999,0,0,0,0,0,0,-0.815749002491783,0.531698500038875,-0.0112797190915962,0.00696888778118398,-0.874840621895874
"6","2","hol M2","hol","M2",-0.530964392829935,0.396998207945942,-1.30379034408765,0.249630096313832,"log","r[2,6]",6,14,42.0589571286782,1,"holN","Aug",1999,1,30.5576776165011,5.09294626941686,1.49910503523923,1.42266748967166,25.4647313470843,-0.815749002491783,0.531698500038875,-0.0112797190915962,0.00696888778118398,-0.486121437770155
"7","2","hol MR1","hol","MR1",0.278924900923411,0.612872881026172,-0.867762597216443,1.53569082735087,"log","r[2,7]",7,0,2.246327054186,0,"holN","Aug",1999,5,106.951871657754,25.4647313470843,2.03323017648579,1.91638624761134,81.4871403106697,-0.815749002491783,0.531698500038875,-0.0112797190915962,0.00696888778118398,0.239978494420419
"8","2","hol MR2","hol","MR2",-0.146658942741376,0.37149824075621,-0.865777254095646,0.5874295862308,"log","r[2,8]",8,17,29.4315011278654,1,"holN","Aug",1999,0,10.1858925388337,0,1.04867064281131,1.04867064281131,10.1858925388337,-0.815749002491783,0.531698500038875,-0.0112797190915962,0.00696888778118398,-0.583182572059339
"9","3","egl M1","egl","M1",-0.114093097847362,0.23267286922933,-0.580175713228281,0.328049354565759,"log","r[3,1]",1,75,141.233268655882,4,"eglC","Nov",1999,2,631.52533740769,10.1858925388337,2.80107792696398,2.79402732813534,621.339444868857,-0.599668127792743,0.432702584882014,-0.00796527543413074,0.0170990412830288,-0.444200188514046
"10","3","egl M2","egl","M2",-0.597044904697019,0.246356282244699,-1.05043351711978,-0.0887118539212701,"log","r[3,2]",2,52,151.721986925549,1,"eglC","Nov",1999,9,2510.82251082251,45.8365164247517,3.39998894824442,3.39199060568508,2464.98599439776,-0.599668127792743,0.432702584882014,-0.00796527543413074,0.0170990412830288,-0.319892495309656
"11","3","egl MR1","egl","MR1",-0.547710744721684,0.279192563308936,-1.11073639232103,-0.0136306187391314,"log","r[3,3]",3,40,114.296458330107,2,"eglC","Nov",1999,0,656.990068754775,0,2.81821933872406,2.81821933872406,656.990068754775,-0.599668127792743,0.432702584882014,-0.00796527543413074,0.0170990412830288,-0.256422024341252
"12","3","egl MR2","egl","MR2",-0.541403436559725,0.202160466996182,-0.913016699430125,-0.130658509564158,"log","r[3,4]",4,99,252.201393352722,2,"eglC","Nov",1999,3,2470.07894066718,15.2788388082506,3.39288661952128,3.39019301304209,2454.80010185893,-0.599668127792743,0.432702584882014,-0.00796527543413074,0.0170990412830288,-1.10621279767421
"13","3","hol M1","hol","M1",0.129176257597235,0.490726184387272,-0.820418578684253,1.11625819546242,"log","r[3,5]",5,5,3.89271958490291,0,"holN","Nov",1999,0,0,0,0,0,0,-0.766305330199497,0.45987211427369,-0.0113003114348391,0.0118016417394278,-0.810294273837397
"14","3","hol M2","hol","M2",-0.582412433714912,0.3714341392566,-1.33092517701323,0.119916462420036,"log","r[3,6]",6,11,24.6744301344587,3,"holN","Nov",1999,0,30.5576776165011,0,1.49910503523923,1.49910503523923,30.5576776165011,-0.766305330199497,0.45987211427369,-0.0113003114348391,0.0118016417394278,-0.320332547903977
"15","3","hol MR1","hol","MR1",0.559884840144205,0.578890441030535,-0.511909765883701,1.76906281294505,"log","r[3,7]",7,5,2.74827498660529,2,"holN","Nov",1999,0,106.951871657754,0,2.03323017648579,2.03323017648579,106.951871657754,-0.766305330199497,0.45987211427369,-0.0113003114348391,0.0118016417394278,0.161267450087729
"16","3","hol MR2","hol","MR2",-0.396760443708574,0.345504222270911,-1.080823807534,0.279978362752582,"log","r[3,8]",8,13,25.0046224055824,0,"holN","Nov",1999,0,10.1858925388337,0,1.04867064281131,1.04867064281131,10.1858925388337,-0.766305330199497,0.45987211427369,-0.0113003114348391,0.0118016417394278,-0.566610965006745
"17","4","egl M1","egl","M1",-1.6231702191151,0.25565585407129,-2.14157349006961,-1.1368551700542,"log","r[4,1]",1,22,125.218238994853,14,"eglC","Feb",2000,4,20.3717850776674,20.3717850776674,1.32984079811182,2.80107792696398,631.52533740769,0.460812041151764,0.0583252374220836,-0.0172705657731983,0.00398341764237462,-1.56844666413623
"18","4","egl M2","egl","M2",-1.46758263914211,0.354586951931998,-2.17013180878092,-0.772431091559551,"log","r[4,2]",2,12,83.5698522472481,8,"eglC","Feb",2000,0,0,0,0,3.39998894824442,2510.82251082251,0.460812041151764,0.0583252374220836,-0.0172705657731983,0.00398341764237462,-0.950619247601805
"19","4","egl MR1","egl","MR1",-1.07349727879275,0.352290931613383,-1.74966102273894,-0.376219964208629,"log","r[4,3]",3,12,65.989482326183,3,"eglC","Feb",2000,5,25.4647313470843,25.4647313470843,1.42266748967166,2.81821933872406,656.990068754775,0.460812041151764,0.0583252374220836,-0.0172705657731983,0.00398341764237462,-0.583935981666987
"20","4","egl MR2","egl","MR2",-1.48099177390448,0.224400013801598,-1.9257638517104,-1.04360455549885,"log","r[4,4]",4,29,145.861848471497,7,"eglC","Feb",2000,1,5.09294626941686,5.09294626941686,0.784827348319996,3.39288661952128,2470.07894066718,0.460812041151764,0.0583252374220836,-0.0172705657731983,0.00398341764237462,-1.98464544175278
"21","4","hol M1","hol","M1",0.125332134791394,0.485145262241765,-0.826622644379751,1.09206714385029,"log","r[4,5]",5,4,4.38262770842642,1,"holN","Feb",2000,0,0,0,0,0,0,-0.258789959652618,0.418268437445483,-0.0080264822222958,0.0132258516214001,-0.280741191419843
"22","4","hol M2","hol","M2",0.268818627010716,0.378558330776248,-0.498394494249286,0.980792062206936,"log","r[4,6]",6,6,13.7018595376996,2,"holN","Feb",2000,16,81.4871403106697,81.4871403106697,1.91638624761134,1.49910503523923,30.5576776165011,-0.258789959652618,0.418268437445483,-0.0080264822222958,0.0132258516214001,0.459247892928852
"23","4","hol MR1","hol","MR1",0.395271732015266,0.505042003052722,-0.600960351224841,1.38179571483152,"log","r[4,7]",7,4,4.47935340206016,0,"holN","Feb",2000,12,61.1153552330023,61.1153552330023,1.79319897326234,2.03323017648579,106.951871657754,-0.258789959652618,0.418268437445483,-0.0080264822222958,0.0132258516214001,0.455295122473651
"24","4","hol MR2","hol","MR2",0.407702967945502,0.376842495969084,-0.323412394280802,1.14556631488959,"log","r[4,8]",8,11,16.8721498078592,6,"holN","Feb",2000,18,91.6730328495034,91.6730328495034,1.96695337612407,1.04867064281131,10.1858925388337,-0.258789959652618,0.418268437445483,-0.0080264822222958,0.0132258516214001,0.507855654750621
"25","5","egl M1","egl","M1",1.25272054769696,0.296630197805905,0.649626882802522,1.82201706445234,"log","r[5,1]",1,32,24.9003356471473,2,"eglC","May",2000,256,1324.16603004838,1303.79424497072,3.12227029443628,1.32984079811182,20.3717850776674,-0.514232461343454,0.517463999089671,-0.0137221731005239,0.0119406523597069,0.783624600162545
"26","5","egl M2","egl","M2",0.230169345243501,0.378440157815757,-0.526597154988738,0.975012699582373,"log","r[5,2]",2,7,19.9142345024384,0,"eglC","May",2000,520,2648.33206009677,2648.33206009677,3.42313639500155,0,0,-0.514232461343454,0.517463999089671,-0.0137221731005239,0.0119406523597069,0.983850814036566
"27","5","egl MR1","egl","MR1",0.930695480110364,0.381163304198005,0.187261841826879,1.66698567666327,"log","r[5,3]",3,24,23.1884100286906,0,"eglC","May",2000,272,1410.74611662847,1385.28138528139,3.14975660177166,1.42266748967166,25.4647313470843,-0.514232461343454,0.517463999089671,-0.0137221731005239,0.0119406523597069,0.797457809628788
"28","5","egl MR2","egl","MR2",0.405044777203197,0.28497111907295,-0.131958644989726,0.978398126167995,"log","r[5,4]",4,28,33.534801719442,1,"eglC","May",2000,94,483.829895594602,478.736949325185,2.68558939146241,0.784827348319996,5.09294626941686,-0.514232461343454,0.517463999089671,-0.0137221731005239,0.0119406523597069,0.42723366334926
"29","5","hol M1","hol","M1",0.62797293712791,0.454269694935525,-0.256019184816051,1.51135125943158,"log","r[5,5]",5,6,4.98991237391393,1,"holN","May",2000,13,66.2083015024191,66.2083015024191,1.82742291998867,0,0,-0.430902648045514,0.49719221173956,-0.00859283929669634,0.0186540973672819,0.453454377560861
"30","5","hol M2","hol","M2",1.27932171547877,0.382101830178439,0.560168041213961,2.07097579273385,"log","r[5,6]",6,28,18.1239504932731,2,"holN","May",2000,85,514.387573211103,432.900432900433,2.71213394283167,1.91638624761134,81.4871403106697,-0.430902648045514,0.49719221173956,-0.00859283929669634,0.0186540973672819,0.799121226249484
"31","5","hol MR1","hol","MR1",0.713369376886476,0.491393774231547,-0.241470669228664,1.69352299120225,"log","r[5,7]",7,7,6.68923479767555,3,"holN","May",2000,74,437.99337916985,376.878023936847,2.6424579703294,1.79319897326234,61.1153552330023,-0.430902648045514,0.49719221173956,-0.00859283929669634,0.0186540973672819,0.881389647118941
"32","5","hol MR2","hol","MR2",1.33572576050903,0.347432082566985,0.675775074865875,2.02761776979365,"log","r[5,8]",8,47,25.658985610185,3,"holN","May",2000,245,1339.44486885663,1247.77183600713,3.12724895659289,1.96695337612407,91.6730328495034,-0.430902648045514,0.49719221173956,-0.00859283929669634,0.0186540973672819,0.959419929580416
"33","6","egl M1","egl","M1",0.423618499104511,0.309289580795541,-0.185073230915418,1.02129732494744,"log","r[6,1]",1,46,87.8554644699713,5,"eglC","Aug",2000,74,1701.04405398523,376.878023936847,3.23097079673276,3.12227029443628,1324.16603004838,-0.848465100341139,0.784529286787432,-0.0122652123587397,0.0151581128807933,0.684550750254692
"34","6","egl M2","egl","M2",1.96836936292871,0.305704840740508,1.38697682443611,2.59132209151907,"log","r[6,2]",2,56,24.6587442320682,1,"eglC","Aug",2000,126,3290.04329004329,641.711229946524,3.51733359499667,3.42313639500155,2648.33206009677,-0.848465100341139,0.784529286787432,-0.0122652123587397,0.0151581128807933,1.6236994947097
"35","6","egl MR1","egl","MR1",0.531342313509336,0.333705620355367,-0.136322275056306,1.15551403737074,"log","r[6,3]",3,32,58.1313057587751,2,"eglC","Aug",2000,91,1874.2042271454,463.458110516934,3.27304857333963,3.14975660177166,1410.74611662847,-0.848465100341139,0.784529286787432,-0.0122652123587397,0.0151581128807933,1.036660778461
"36","6","egl MR2","egl","MR2",0.809601637021031,0.281430591306748,0.253828087628181,1.35838023701891,"log","r[6,4]",4,60,50.7341109070787,0,"eglC","Aug",2000,37,672.268907563025,188.439011968424,2.82818855864498,2.68558939146241,483.829895594602,-0.848465100341139,0.784529286787432,-0.0122652123587397,0.0151581128807933,0.748067008365812
"37","6","hol M1","hol","M1",0.631537559450576,0.433510357408822,-0.215548565325182,1.48393193599826,"log","r[6,5]",5,9,9.07538111182616,6,"holN","Aug",2000,3,81.4871403106697,15.2788388082506,1.91638624761134,1.82742291998867,66.2083015024191,-0.815749002491783,0.531698500038875,-0.0112797190915962,0.00696888778118398,0.142636267954823
"38","6","hol M2","hol","M2",0.15661470807283,0.304133549245962,-0.430140489252545,0.756860714142026,"log","r[6,6]",6,48,64.1415434638064,12,"holN","Aug",2000,57,804.685510567864,290.297937356761,2.90616555337099,2.71213394283167,514.387573211103,-0.815749002491783,0.531698500038875,-0.0112797190915962,0.00696888778118398,0.0895829241012799
"39","6","hol MR1","hol","MR1",0.154385135788882,0.460659969114656,-0.759791682385645,1.04240150108009,"log","r[6,7]",7,7,13.2926636061606,13,"holN","Aug",2000,11,494.015788133435,56.0224089635854,2.69461905063031,2.6424579703294,437.99337916985,-0.815749002491783,0.531698500038875,-0.0112797190915962,0.00696888778118398,0.557633934603343
"40","6","hol MR2","hol","MR2",0.0136865615101561,0.241443032343981,-0.461222397815684,0.487862127560893,"log","r[6,8]",8,65,94.9065154283832,4,"holN","Aug",2000,42,1553.34861217214,213.903743315508,3.19154842975656,3.12724895659289,1339.44486885663,-0.815749002491783,0.531698500038875,-0.0112797190915962,0.00696888778118398,-0.161450772458463
"41","7","egl M1","egl","M1",-0.0773720408377591,0.259782206895332,-0.562346818378201,0.449763771564933,"log","r[7,1]",1,65,133.271376328553,2,"eglC","Nov",2000,3,1716.32289279348,15.2788388082506,3.23485195932777,3.23097079673276,1701.04405398523,-0.599668127792743,0.432702584882014,-0.00796527543413074,0.0170990412830288,-0.227284460657535
"42","7","egl M2","egl","M2",-0.248495319438747,0.267926602700323,-0.749553191839523,0.30388253819495,"log","r[7,2]",2,61,173.728666151005,1,"eglC","Nov",2000,19,3386.80926916221,96.7659791189203,3.52991895192961,3.51733359499667,3290.04329004329,-0.599668127792743,0.432702584882014,-0.00796527543413074,0.0170990412830288,-0.438960708282668
"43","7","egl MR1","egl","MR1",0.326317380665413,0.257269878988108,-0.139335644025258,0.861852888974274,"log","r[7,3]",3,77,97.5923528897748,2,"eglC","Nov",2000,11,1930.22663610899,56.0224089635854,3.28583324272603,3.27304857333963,1874.2042271454,-0.599668127792743,0.432702584882014,-0.00796527543413074,0.0170990412830288,0.0789685213601728
"44","7","egl MR2","egl","MR2",-0.509178599966107,0.257123086240029,-1.01796879330514,-0.00566386402407432,"log","r[7,4]",4,41,112.776705736869,1,"eglC","Nov",2000,15,748.663101604278,76.3941940412529,2.87486613541058,2.82818855864498,672.268907563025,-0.599668127792743,0.432702584882014,-0.00796527543413074,0.0170990412830288,-0.236904602275862
"45","7","hol M1","hol","M1",0.300626816557531,0.376438704247863,-0.434546101589596,1.04535550586743,"log","r[7,5]",5,21,17.0709334335962,8,"holN","Nov",2000,1,86.5800865800866,5.09294626941686,1.94240537019197,1.91638624761134,81.4871403106697,-0.766305330199497,0.45987211427369,-0.0113003114348391,0.0118016417394278,0.028459003799633
"46","7","hol M2","hol","M2",-0.5785237921769,0.255800237117324,-1.08810797201199,-0.0871827956767711,"log","r[7,6]",6,29,73.7897448874518,0,"holN","Nov",2000,2,814.871403106697,10.1858925388337,2.91162171105491,2.90616555337099,804.685510567864,-0.766305330199497,0.45987211427369,-0.0113003114348391,0.0118016417394278,-0.261178795897028
"47","7","hol MR1","hol","MR1",0.430161900012821,0.416145044588811,-0.365081463032699,1.26460391502741,"log","r[7,7]",7,17,15.4589853970327,8,"holN","Nov",2000,8,534.75935828877,40.7435701553349,2.72896976574779,2.69461905063031,494.015788133435,-0.766305330199497,0.45987211427369,-0.0113003114348391,0.0118016417394278,0.40839355022624
"48","7","hol MR2","hol","MR2",0.0261456312530181,0.200810323800932,-0.369446570799135,0.417953846966505,"log","r[7,8]",8,67,95.315230681735,1,"holN","Nov",2000,5,1578.81334351923,25.4647313470843,3.19860577767068,3.19154842975656,1553.34861217214,-0.766305330199497,0.45987211427369,-0.0113003114348391,0.0118016417394278,-0.360645877941747
"49","8","egl M1","egl","M1",-1.36498547229866,0.269123007790273,-1.90264261792467,-0.845324842346635,"log","r[8,1]",1,24,122.522770628737,5,"eglC","Feb",2001,0,0,0,0,3.23485195932777,1716.32289279348,0.460812041151764,0.0583252374220836,-0.0172705657731983,0.00398341764237462,-1.63530843949446
"50","8","egl M2","egl","M2",-2.36528343282025,0.41219753869176,-3.1954161020225,-1.57296050489871,"log","r[8,2]",2,10,135.955952325461,4,"eglC","Feb",2001,6,30.5576776165011,30.5576776165011,1.49910503523923,3.52991895192961,3386.80926916221,0.460812041151764,0.0583252374220836,-0.0172705657731983,0.00398341764237462,-1.78385484807247
"51","8","egl MR1","egl","MR1",-2.07992135205484,0.321750272736631,-2.71875939186892,-1.45736948115122,"log","r[8,3]",3,12,133.769177395111,2,"eglC","Feb",2001,2,10.1858925388337,10.1858925388337,1.04867064281131,3.28583324272603,1930.22663610899,0.460812041151764,0.0583252374220836,-0.0172705657731983,0.00398341764237462,-1.78032653597285
"52","8","egl MR2","egl","MR2",-1.09933483160928,0.301480600486667,-1.70113039516177,-0.510478991660087,"log","r[8,4]",4,18,67.9761745432272,0,"eglC","Feb",2001,1,5.09294626941686,5.09294626941686,0.784827348319996,2.87486613541058,748.663101604278,0.460812041151764,0.0583252374220836,-0.0172705657731983,0.00398341764237462,-0.667399710881345
"53","8","hol M1","hol","M1",-0.506119297774039,0.328538376055621,-1.16136235192536,0.128391005791072,"log","r[8,5]",5,10,22.2814289076925,3,"holN","Feb",2001,0,0,0,0,1.94240537019197,86.5800865800866,-0.258789959652618,0.418268437445483,-0.0080264822222958,0.0132258516214001,-0.397953897803358
"54","8","hol M2","hol","M2",-0.0282789101489251,0.254585729811617,-0.524806772039997,0.469016721770914,"log","r[8,6]",6,31,41.4565808695284,2,"holN","Feb",2001,0,0,0,0,2.91162171105491,814.871403106697,-0.258789959652618,0.418268437445483,-0.0080264822222958,0.0132258516214001,-0.565088765756255
"55","8","hol MR1","hol","MR1",-0.36647141560086,0.366573537895675,-1.08713478131087,0.347402413408741,"log","r[8,7]",7,10,23.0096046796654,17,"holN","Feb",2001,0,0,0,0,2.72896976574779,534.75935828877,-0.258789959652618,0.418268437445483,-0.0080264822222958,0.0132258516214001,-0.218636664992204
"56","8","hol MR2","hol","MR2",-0.726829723922595,0.262398141977213,-1.23873895318135,-0.206219255101948,"log","r[8,8]",8,30,97.8116283101676,4,"holN","Feb",2001,0,0,0,0,3.19860577767068,1578.81334351923,-0.258789959652618,0.418268437445483,-0.0080264822222958,0.0132258516214001,-0.990969848932382
"57","9","egl M1","egl","M1",-0.706452244427898,0.339204956705741,-1.38136224362275,-0.0427421345168534,"log","r[9,1]",1,13,31.5625693180338,3,"eglC","May",2001,0,0,0,0,0,0,-0.514232461343454,0.517463999089671,-0.0137221731005239,0.0119406523597069,-0.911517543943676
"58","9","egl M2","egl","M2",-1.04543347813773,0.463614155978193,-1.98832524154936,-0.162278536019204,"log","r[9,2]",2,3,13.2672986203433,2,"eglC","May",2001,0,30.5576776165011,0,1.49910503523923,1.49910503523923,30.5576776165011,-0.514232461343454,0.517463999089671,-0.0137221731005239,0.0119406523597069,0.103325561721622
"59","9","egl MR1","egl","MR1",-0.484283139473699,0.391330528249513,-1.25827976954977,0.27675437270033,"log","r[9,3]",3,9,17.1857792698332,2,"eglC","May",2001,0,10.1858925388337,0,1.04867064281131,1.04867064281131,10.1858925388337,-0.514232461343454,0.517463999089671,-0.0137221731005239,0.0119406523597069,-0.183528090075006
"60","9","egl MR2","egl","MR2",-0.932142437734658,0.378117311609829,-1.67331599219586,-0.19429754215889,"log","r[9,4]",4,7,22.8374261635912,1,"eglC","May",2001,0,5.09294626941686,0,0.784827348319996,0.784827348319996,5.09294626941686,-0.514232461343454,0.517463999089671,-0.0137221731005239,0.0119406523597069,-0.40955102571437
"61","9","hol M1","hol","M1",-0.217243508208118,0.376583043830458,-0.95542975332212,0.527019050442605,"log","r[9,5]",5,10,13.6302312697798,4,"holN","May",2001,0,0,0,0,0,0,-0.430902648045514,0.49719221173956,-0.00859283929669634,0.0186540973672819,-0.47340864545441
"62","9","hol M2","hol","M2",-0.213536252304169,0.267307350811479,-0.736924059895671,0.316538373324553,"log","r[9,6]",6,25,40.2547919220264,2,"holN","May",2001,0,0,0,0,0,0,-0.430902648045514,0.49719221173956,-0.00859283929669634,0.0186540973672819,-0.739497411218873
"63","9","hol MR1","hol","MR1",-0.190502922380781,0.40058786769504,-0.974101113915781,0.597513350760989,"log","r[9,7]",7,12,16.1861226998267,9,"holN","May",2001,0,0,0,0,0,0,-0.430902648045514,0.49719221173956,-0.00859283929669634,0.0186540973672819,-0.402100522936196
"64","9","hol MR2","hol","MR2",-0.976608543891256,0.321026052372547,-1.6225566175696,-0.362608124698804,"log","r[9,8]",8,18,48.0058420390693,6,"holN","May",2001,0,0,0,0,0,0,-0.430902648045514,0.49719221173956,-0.00859283929669634,0.0186540973672819,-0.731484549786134
"65","10","egl M1","egl","M1",-1.62133693996597,0.518751935601466,-2.67807420583847,-0.656366531687787,"log","r[10,1]",1,0,15.8788066151116,2,"eglC","Aug",2001,0,0,0,0,0,0,-0.848465100341139,0.784529286787432,-0.0122652123587397,0.0151581128807933,-1.01290580971726
"66","10","egl M2","egl","M2",-0.607263598848422,0.535613162408928,-1.71105667860786,0.390384616566158,"log","r[10,2]",2,0,4.7915075310477,1,"eglC","Aug",2001,2,40.7435701553349,10.1858925388337,1.62058958973317,1.49910503523923,30.5576776165011,-0.848465100341139,0.784529286787432,-0.0122652123587397,0.0151581128807933,0.379324150161351
"67","10","egl MR1","egl","MR1",-1.06048096099116,0.483031251743069,-2.04198658020037,-0.142800391019895,"log","r[10,3]",3,2,10.7588010786226,1,"eglC","Aug",2001,0,10.1858925388337,0,1.04867064281131,1.04867064281131,10.1858925388337,-0.848465100341139,0.784529286787432,-0.0122652123587397,0.0151581128807933,-0.142553135935412
"68","10","egl MR2","egl","MR2",-1.01622824881666,0.492205833264383,-2.02877510406298,-0.0865220824685545,"log","r[10,4]",4,1,9.24924870897544,0,"eglC","Aug",2001,0,5.09294626941686,0,0.784827348319996,0.784827348319996,5.09294626941686,-0.848465100341139,0.784529286787432,-0.0122652123587397,0.0151581128807933,-0.346189060086764
"69","10","hol M1","hol","M1",-1.23917048428877,0.507551387035416,-2.26835718641873,-0.283721665453442,"log","r[10,5]",5,2,11.0917005035407,3,"holN","Aug",2001,0,0,0,0,0,0,-0.815749002491783,0.531698500038875,-0.0112797190915962,0.00696888778118398,-0.919953605076287
"70","10","hol M2","hol","M2",-1.02868486279731,0.332438320877678,-1.69687316366532,-0.396386747364641,"log","r[10,6]",6,13,32.685094075577,4,"holN","Aug",2001,0,0,0,0,0,0,-0.815749002491783,0.531698500038875,-0.0112797190915962,0.00696888778118398,-1.15655213102195
"71","10","hol MR1","hol","MR1",-1.74800693014852,0.529877383270011,-2.83614988521622,-0.765282484255935,"log","r[10,7]",7,0,13.4255017466684,11,"holN","Aug",2001,0,0,0,0,0,0,-0.815749002491783,0.531698500038875,-0.0112797190915962,0.00696888778118398,-0.890527125264914
"72","10","hol MR2","hol","MR2",-1.90521473707625,0.502949463678516,-2.94148811761029,-0.978803574998701,"log","r[10,8]",8,0,18.1618627674649,5,"holN","Aug",2001,1,5.09294626941686,5.09294626941686,0.784827348319996,0,0,-0.815749002491783,0.531698500038875,-0.0112797190915962,0.00696888778118398,-0.568473749891758
"73","11","egl M1","egl","M1",-0.507638568800692,0.54732415397705,-1.58152318480395,0.566884792106662,"log","r[11,1]",1,1,3.38509668639267,0,"eglC","Nov",2001,0,0,0,0,0,0,-0.599668127792743,0.432702584882014,-0.00796527543413074,0.0170990412830288,-0.626631355271024
"74","11","egl M2","egl","M2",-0.386631398669702,0.585994614829109,-1.56391560437571,0.744014904906595,"log","r[11,2]",2,0,2.78045724823674,0,"eglC","Nov",2001,0,40.7435701553349,0,1.62058958973317,1.62058958973317,40.7435701553349,-0.599668127792743,0.432702584882014,-0.00796527543413074,0.0170990412830288,0.079418068902649
"75","11","egl MR1","egl","MR1",-0.706173190928918,0.540317886091382,-1.77861286321152,0.334274693121467,"log","r[11,3]",3,0,3.88918791864303,0,"eglC","Nov",2001,1,15.2788388082506,5.09294626941686,1.21162342284096,1.04867064281131,10.1858925388337,-0.599668127792743,0.432702584882014,-0.00796527543413074,0.0170990412830288,-0.106373993812951
"76","11","egl MR2","egl","MR2",-0.517094363195211,0.546242840458304,-1.62919103444497,0.551878072295155,"log","r[11,4]",4,0,3.52215818104638,0,"eglC","Nov",2001,0,5.09294626941686,0,0.784827348319996,0.784827348319996,5.09294626941686,-0.599668127792743,0.432702584882014,-0.00796527543413074,0.0170990412830288,-0.288126265523196
"77","11","hol M1","hol","M1",-1.17616468450699,0.608771276565313,-2.4146309953866,-0.0227163006051254,"log","r[11,5]",5,0,3.45257225864879,1,"holN","Nov",2001,0,0,0,0,0,0,-0.766305330199497,0.45987211427369,-0.0113003114348391,0.0118016417394278,-0.793518830234087
"78","11","hol M2","hol","M2",-1.31337764589068,0.501125638789082,-2.35419323957883,-0.390426426893725,"log","r[11,6]",6,0,11.8769300284157,1,"holN","Nov",2001,1,5.09294626941686,5.09294626941686,0.784827348319996,0,0,-0.766305330199497,0.45987211427369,-0.0113003114348391,0.0118016417394278,-0.527796484659229
"79","11","hol MR1","hol","MR1",-1.01183558179179,0.573941590574209,-2.13419258901098,0.109160510184231,"log","r[11,7]",7,0,2.53586313968978,2,"holN","Nov",2001,0,0,0,0,0,0,-0.766305330199497,0.45987211427369,-0.0113003114348391,0.0118016417394278,-0.771358089955265
"80","11","hol MR2","hol","MR2",-0.850476487176905,0.553071764900705,-1.94353005527131,0.22409231670032,"log","r[11,8]",8,0,2.95377614587084,0,"holN","Nov",2001,4,25.4647313470843,20.3717850776674,1.42266748967166,0.784827348319996,5.09294626941686,-0.766305330199497,0.45987211427369,-0.0113003114348391,0.0118016417394278,-0.145438814172885
"81","12","egl M1","egl","M1",0.0396168543106856,0.541028329351335,-1.00394366558631,1.1204805372053,"log","r[12,1]",1,1,2.07964357070273,0,"eglC","May",2002,1,5.09294626941686,5.09294626941686,0.784827348319996,0,0,-0.514232461343454,0.517463999089671,-0.0137221731005239,0.0119406523597069,-0.136649792151421
"82","12","egl M2","egl","M2",-0.719134916553957,0.621636418501917,-1.95803264782795,0.491196246563172,"log","r[12,2]",2,0,2.02383888618495,0,"eglC","May",2002,0,0,0,0,1.62058958973317,40.7435701553349,-0.514232461343454,0.517463999089671,-0.0137221731005239,0.0119406523597069,-0.542003928867255
"83","12","egl MR1","egl","MR1",-0.417129261813176,0.558783819186975,-1.51473432732492,0.683531882504132,"log","r[12,3]",3,0,2.03105871325656,0,"eglC","May",2002,1,5.09294626941686,5.09294626941686,0.784827348319996,1.21162342284096,15.2788388082506,-0.514232461343454,0.517463999089671,-0.0137221731005239,0.0119406523597069,-0.13598310232748
"84","12","egl MR2","egl","MR2",-0.374400783898242,0.54514188636605,-1.42926012410655,0.728348028020567,"log","r[12,4]",4,0,2.20534821927384,0,"eglC","May",2002,0,0,0,0,0.784827348319996,5.09294626941686,-0.514232461343454,0.517463999089671,-0.0137221731005239,0.0119406523597069,-0.544494631355261
"85","12","hol M1","hol","M1",-0.5370086420479,0.642999422808059,-1.82549050930692,0.70222043740275,"log","r[12,5]",5,0,1.18764848960352,0,"holN","May",2002,0,0,0,0,0,0,-0.430902648045514,0.49719221173956,-0.00859283929669634,0.0186540973672819,-0.441107920657641
"86","12","hol M2","hol","M2",-0.543116828197638,0.554047725258328,-1.66293566583967,0.521904846621999,"log","r[12,6]",6,0,3.44043695949113,0,"holN","May",2002,0,0,0,0,0.784827348319996,5.09294626941686,-0.430902648045514,0.49719221173956,-0.00859283929669634,0.0186540973672819,-0.460465769948835
"87","12","hol MR1","hol","MR1",0.155834500197196,0.587728815654354,-1.0091983132076,1.30677330648757,"log","r[12,7]",7,1,0.987142364883436,2,"holN","May",2002,4,20.3717850776674,20.3717850776674,1.32984079811182,0,0,-0.430902648045514,0.49719221173956,-0.00859283929669634,0.0186540973672819,0.259109678659364
"88","12","hol MR2","hol","MR2",0.117020728666747,0.598462921422477,-1.08643843107229,1.26438311795748,"log","r[12,8]",8,0,1.34049485666389,0,"holN","May",2002,21,106.951871657754,106.951871657754,2.03323017648579,1.42266748967166,25.4647313470843,-0.430902648045514,0.49719221173956,-0.00859283929669634,0.0186540973672819,0.568484903495712
"89","13","egl M1","egl","M1",-0.0660083665598261,0.548152179011889,-1.14815514543638,1.00748452457992,"log","r[13,1]",1,1,2.1634009775998,0,"eglC","Nov",2002,0,5.09294626941686,0,0.784827348319996,0.784827348319996,5.09294626941686,-0.599668127792743,0.432702584882014,-0.00796527543413074,0.0170990412830288,-0.277303390149634
"90","13","egl MR1","egl","MR1",-0.316935400392755,0.58794057848874,-1.46526814185233,0.847199885930682,"log","r[13,3]",3,0,1.38044579005426,0,"eglC","Nov",2002,0,5.09294626941686,0,0.784827348319996,0.784827348319996,5.09294626941686,-0.599668127792743,0.432702584882014,-0.00796527543413074,0.0170990412830288,-0.271066936428253
"91","13","egl MR2","egl","MR2",-0.249781602598471,0.578625556686668,-1.35996236561836,0.933055627514117,"log","r[13,4]",4,0,1.54149984487211,0,"eglC","Nov",2002,0,0,0,0,0,0,-0.599668127792743,0.432702584882014,-0.00796527543413074,0.0170990412830288,-0.611946598638819
"92","13","hol M2","hol","M2",-0.485019778720307,0.624348718460562,-1.72437952911575,0.740439734745737,"log","r[13,6]",6,0,2.11301229243346,1,"holN","Nov",2002,0,0,0,0,0,0,-0.766305330199497,0.45987211427369,-0.0113003114348391,0.0118016417394278,-0.778381385430211
"93","13","hol MR1","hol","MR1",-0.461303996617026,0.628078434698614,-1.71327039564616,0.749304942554063,"log","r[13,7]",7,0,1.17180293106116,0,"holN","Nov",2002,0,20.3717850776674,0,1.32984079811182,1.32984079811182,20.3717850776674,-0.766305330199497,0.45987211427369,-0.0113003114348391,0.0118016417394278,-0.167990368785651
"94","13","hol MR2","hol","MR2",-0.186480210375739,0.626166404499616,-1.43287050935163,1.0401551135012,"log","r[13,8]",8,0,1.55290069515392,1,"holN","Nov",2002,0,106.951871657754,0,2.03323017648579,2.03323017648579,106.951871657754,-0.766305330199497,0.45987211427369,-0.0113003114348391,0.0118016417394278,0.162973910122902
"95","14","egl M1","egl","M1",0.712610752904189,0.606131200499772,-0.478486260314802,1.89225773854696,"log","r[14,1]",1,1,2.04599514538106,0,"eglC","Feb",2003,0,0,0,0,0.784827348319996,5.09294626941686,0.460812041151764,0.0583252374220836,-0.0172705657731983,0.00398341764237462,0.425476547421816
"96","14","egl MR1","egl","MR1",0.566990928690872,0.674360744566894,-0.766295231340684,1.87109116185021,"log","r[14,3]",3,0,1.03890518978973,0,"eglC","Feb",2003,0,0,0,0,0.784827348319996,5.09294626941686,0.460812041151764,0.0583252374220836,-0.0172705657731983,0.00398341764237462,0.442869560739383
"97","14","egl MR2","egl","MR2",1.03216797137704,0.634681428435631,-0.179584984992775,2.29423967327797,"log","r[14,4]",4,1,1.23955143796826,0,"eglC","Feb",2003,0,0,0,0,0,0,0.460812041151764,0.0583252374220836,-0.0172705657731983,0.00398341764237462,0.43940428651307
"98","14","hol M2","hol","M2",0.321668556965045,0.602608550874998,-0.847264045631519,1.53697838125922,"log","r[14,6]",6,1,1.34087355287711,0,"holC","Feb",2003,0,0,0,0,0,0,-0.167411356883921,0.45982297655648,-0.0101185946611168,0.018036073325231,-0.180979112857296
"99","14","hol MR1","hol","MR1",0.738307319638081,0.735107030175901,-0.700092565918547,2.18770979331049,"log","r[14,7]",7,1,0.775037782358176,1,"holC","Feb",2003,21,106.951871657754,106.951871657754,2.03323017648579,1.32984079811182,20.3717850776674,-0.167411356883921,0.45982297655648,-0.0101185946611168,0.018036073325231,0.777708375050731
"100","14","hol MR2","hol","MR2",-0.181843897324332,0.635037299653706,-1.44349273244973,1.06464772527326,"log","r[14,8]",8,0,1.30907438999462,0,"holC","Feb",2003,0,0,0,0,2.03323017648579,106.951871657754,-0.167411356883921,0.45982297655648,-0.0101185946611168,0.018036073325231,-0.180657350017526
"101","15","egl M1","egl","M1",0.83557001258446,0.485295498898451,-0.0759147651556613,1.82775027281942,"log","r[15,1]",1,6,3.97834961684704,0,"eglC","May",2003,4,20.3717850776674,20.3717850776674,1.32984079811182,0,0,-0.514232461343454,0.517463999089671,-0.0137221731005239,0.0119406523597069,0.119320674103313
"102","15","egl MR1","egl","MR1",0.573106192212374,0.55103860086027,-0.484689227727555,1.67787193120369,"log","r[15,3]",3,1,1.77202284301171,0,"eglC","May",2003,4,20.3717850776674,20.3717850776674,1.32984079811182,0,0,-0.514232461343454,0.517463999089671,-0.0137221731005239,0.0119406523597069,0.149596272010202
"103","15","egl MR2","egl","MR2",1.77429606958627,0.518757146373587,0.807191112993499,2.83700356457593,"log","r[15,4]",4,9,3.19194189670409,0,"eglC","May",2003,144,733.384262796028,733.384262796028,2.86592336174701,0,0,-0.514232461343454,0.517463999089671,-0.0137221731005239,0.0119406523597069,0.924979323277279
"104","15","hol M2","hol","M2",1.2340112986737,0.611586328237981,0.0454764967047845,2.44082950963804,"log","r[15,6]",6,4,1.79357912751178,2,"holC","May",2003,79,402.342755283932,402.342755283932,2.60567426068776,0,0,-0.628119881569047,0.566408018132886,-0.0131008272481969,-0.0083555308400206,0.807546480341437
"105","15","hol MR1","hol","MR1",1.06004822015713,0.680490675926611,-0.218843919415131,2.44915320284804,"log","r[15,7]",7,3,1.5422811095042,2,"holC","May",2003,334,1807.99592564298,1701.04405398523,3.25743758871014,2.03323017648579,106.951871657754,-0.628119881569047,0.566408018132886,-0.0131008272481969,-0.0083555308400206,1.18000266718002
"106","15","hol MR2","hol","MR2",1.19015557242466,0.652638340364195,-0.0680895688095934,2.52604278315155,"log","r[15,8]",8,0,1.09415375893215,0,"holC","May",2003,143,728.291316526611,728.291316526611,2.86290104256749,0,0,-0.628119881569047,0.566408018132886,-0.0131008272481969,-0.0083555308400206,0.979115904683439
"107","16","egl M1","egl","M1",0.7596508942428,0.415862155966944,-0.0466649047315671,1.59139997028299,"log","r[16,1]",1,13,8.86927821580704,0,"eglC","Aug",2003,1,25.4647313470843,5.09294626941686,1.42266748967166,1.32984079811182,20.3717850776674,-0.848465100341139,0.784529286787432,-0.0122652123587397,0.0151581128807933,0.158875629881021
"108","16","egl MR1","egl","MR1",0.915443972291066,0.515968542911381,-0.0380410670923707,1.99365311608897,"log","r[16,3]",3,6,2.95098512357668,0,"eglC","Aug",2003,1,25.4647313470843,5.09294626941686,1.42266748967166,1.32984079811182,20.3717850776674,-0.848465100341139,0.784529286787432,-0.0122652123587397,0.0151581128807933,0.231464751458488
"109","16","egl MR2","egl","MR2",2.07146451699703,0.384019386883966,1.34492107108899,2.84590913044663,"log","r[16,4]",4,51,17.7895747433484,0,"eglC","Aug",2003,120,1344.53781512605,611.153552330023,3.12889590772578,2.86592336174701,733.384262796028,-0.848465100341139,0.784529286787432,-0.0122652123587397,0.0151581128807933,1.38805246258024
"110","16","hol M2","hol","M2",1.14647964906711,0.49167812257042,0.190816521341535,2.12221594045075,"log","r[16,6]",6,10,5.73815577365167,3,"holC","Aug",2003,14,473.644003055768,71.301247771836,2.67636799810055,2.60567426068776,402.342755283932,-0.573411937307158,0.562779822587277,-0.0133767057071845,-0.00780907758490365,0.832609116001304
"111","16","hol MR1","hol","MR1",0.780263046755933,0.588390919901592,-0.345296121266283,1.9583912934175,"log","r[16,7]",7,5,4.13836090578397,2,"holC","Aug",2003,111,2373.31296154826,565.317035905271,3.37553796336134,3.25743758871014,1807.99592564298,-0.573411937307158,0.562779822587277,-0.0133767057071845,-0.00780907758490365,1.25529692773336
"112","16","hol MR2","hol","MR2",1.91729362422677,0.551032677864025,0.906925401012953,3.06056946457712,"log","r[16,8]",8,15,3.27021156596269,1,"holC","Aug",2003,24,850.522026992615,122.230710466005,2.9301958866822,2.86290104256749,728.291316526611,-0.573411937307158,0.562779822587277,-0.0133767057071845,-0.00780907758490365,1.0240894486428
"113","17","egl M1","egl","M1",-0.020296817871411,0.362181164378407,-0.730930758857315,0.687053571826859,"log","r[17,1]",1,12,18.490012793982,0,"eglC","Nov",2003,0,25.4647313470843,0,1.42266748967166,1.42266748967166,25.4647313470843,-0.599668127792743,0.432702584882014,-0.00796527543413074,0.0170990412830288,-0.131354272268876
"114","17","egl MR1","egl","MR1",0.387436626287884,0.456957504046926,-0.506713727614755,1.27803403126014,"log","r[17,3]",3,5,6.96351420066447,0,"eglC","Nov",2003,0,25.4647313470843,0,1.42266748967166,1.42266748967166,25.4647313470843,-0.599668127792743,0.432702584882014,-0.00796527543413074,0.0170990412830288,-0.0395425361819815
"115","17","egl MR2","egl","MR2",-0.472964143817701,0.262966625679603,-0.969577720764522,0.0527571972104395,"log","r[17,4]",4,55,135.827691751196,0,"eglC","Nov",2003,9,1390.3743315508,45.8365164247517,3.14344398711372,3.12889590772578,1344.53781512605,-0.599668127792743,0.432702584882014,-0.00796527543413074,0.0170990412830288,-0.321396765517297
"116","17","hol M2","hol","M2",0.221174073620618,0.395150801984933,-0.562783606254012,0.986328513388889,"log","r[17,6]",6,15,17.3405910395692,0,"holC","Nov",2003,0,473.644003055768,0,2.67636799810055,2.67636799810055,473.644003055768,-0.707994622291319,0.360285953772796,-0.0110199288191517,-0.0103223978743559,0.0651710956132541
"117","17","hol MR1","hol","MR1",-0.128188190251855,0.541541912874467,-1.20422607891565,0.917412049124133,"log","r[17,7]",7,4,8.59518588756238,5,"holC","Nov",2003,6,2403.87063916476,30.5576776165011,3.38109172012444,3.37553796336134,2373.31296154826,-0.707994622291319,0.360285953772796,-0.0110199288191517,-0.0103223978743559,0.363834906846926
"118","17","hol MR2","hol","MR2",0.206079217594445,0.355590510894732,-0.49265399473015,0.904921357207672,"log","r[17,8]",8,20,20.3504484343493,1,"holC","Nov",2003,2,860.707919531449,10.1858925388337,2.93536008434978,2.9301958866822,850.522026992615,-0.707994622291319,0.360285953772796,-0.0110199288191517,-0.0103223978743559,0.114991494306532
"119","18","egl M1","egl","M1",0.928468951682368,0.316811331521306,0.310642746815947,1.5545805862055,"log","r[18,1]",1,35,18.0114174229433,0,"eglC","Feb",2004,0,0,0,0,1.42266748967166,25.4647313470843,0.460812041151764,0.0583252374220836,-0.0172705657731983,0.00398341764237462,0.149744671880291
"120","18","egl MR1","egl","MR1",0.986069187782993,0.422204159183135,0.177949376134737,1.83253950093013,"log","r[18,3]",3,23,10.3266868484986,0,"eglC","Feb",2004,0,0,0,0,1.42266748967166,25.4647313470843,0.460812041151764,0.0583252374220836,-0.0172705657731983,0.00398341764237462,0.282464316715547
"121","18","egl MR2","egl","MR2",-0.896009480258515,0.240756152278514,-1.38241286583343,-0.43640340764801,"log","r[18,4]",4,29,83.8378958446515,0,"eglC","Feb",2004,0,0,0,0,3.14344398711372,1390.3743315508,0.460812041151764,0.0583252374220836,-0.0172705657731983,0.00398341764237462,-0.987115853319842
"122","18","hol M2","hol","M2",0.153313584740717,0.324108971843694,-0.485669207491034,0.791523830510045,"log","r[18,6]",6,22,21.1363549841071,1,"holC","Feb",2004,0,0,0,0,2.67636799810055,473.644003055768,-0.167411356883921,0.45982297655648,-0.0101185946611168,0.018036073325231,-0.363245492256345
"123","18","hol MR1","hol","MR1",0.0963336146925136,0.563369791855179,-0.974162411150264,1.24801398551587,"log","r[18,7]",7,6,7.53011482500822,8,"holC","Feb",2004,0,0,0,0,3.38109172012444,2403.87063916476,-0.167411356883921,0.45982297655648,-0.0101185946611168,0.018036073325231,-0.0993169499479976
"124","18","hol MR2","hol","MR2",-0.469247713130696,0.385660025527016,-1.22585588300826,0.28853309110552,"log","r[18,8]",8,9,24.5735585146091,0,"holC","Feb",2004,0,0,0,0,2.93536008434978,860.707919531449,-0.167411356883921,0.45982297655648,-0.0101185946611168,0.018036073325231,-0.416061234874485
"125","19","egl M1","egl","M1",-1.25570643683306,0.319165110155352,-1.89666970219791,-0.645078033277232,"log","r[19,1]",1,11,44.7563366210221,0,"eglC","May",2004,0,0,0,0,0,0,-0.514232461343454,0.517463999089671,-0.0137221731005239,0.0119406523597069,-1.12838665980243
"126","19","egl MR1","egl","MR1",-1.0522645588514,0.387912928109604,-1.82567987708933,-0.304959768170245,"log","r[19,3]",3,6,26.4033049593952,0,"eglC","May",2004,0,0,0,0,0,0,-0.514232461343454,0.517463999089671,-0.0137221731005239,0.0119406523597069,-0.876543182422194
"127","19","egl MR2","egl","MR2",-0.532518475322555,0.277414967918353,-1.08263888232525,0.00774942822064473,"log","r[19,4]",4,19,34.326633740596,0,"eglC","May",2004,0,0,0,0,0,0,-0.514232461343454,0.517463999089671,-0.0137221731005239,0.0119406523597069,-0.985268471490194
"128","19","hol M2","hol","M2",-1.10116075688733,0.360691305967117,-1.8240396696175,-0.410882113387459,"log","r[19,6]",6,9,24.4040379175207,5,"holC","May",2004,0,0,0,0,0,0,-0.628119881569047,0.566408018132886,-0.0131008272481969,-0.0083555308400206,-0.989610620685035
"129","19","hol MR1","hol","MR1",-0.797740315651484,0.556615335753862,-1.94659628746871,0.242723453490658,"log","r[19,7]",7,2,8.36892283993215,19,"holC","May",2004,2,10.1858925388337,10.1858925388337,1.04867064281131,0,0,-0.628119881569047,0.566408018132886,-0.0131008272481969,-0.0083555308400206,-0.302539319439982
"130","19","hol MR2","hol","MR2",-0.859463899065205,0.4678720892621,-1.7985715371952,0.042060473105967,"log","r[19,8]",8,4,15.8487426767691,1,"holC","May",2004,0,0,0,0,0,0,-0.628119881569047,0.566408018132886,-0.0131008272481969,-0.0083555308400206,-0.844107052318545
"131","20","egl M1","egl","M1",-1.00661490693747,0.473186191133208,-1.97010277548447,-0.109370983886132,"log","r[20,1]",1,4,12.9937549491427,0,"eglC","Aug",2004,0,0,0,0,0,0,-0.848465100341139,0.784529286787432,-0.0122652123587397,0.0151581128807933,-1.0078362641298
"132","20","egl MR1","egl","MR1",-0.922043311437695,0.531096469323328,-1.99630000099772,0.0808325072648425,"log","r[20,3]",3,3,9.56480781416643,0,"eglC","Aug",2004,0,0,0,0,0,0,-0.848465100341139,0.784529286787432,-0.0122652123587397,0.0151581128807933,-0.965779499352423
"133","20","egl MR2","egl","MR2",-0.0487822475494328,0.328718185203442,-0.696166491508286,0.594097083855407,"log","r[20,4]",4,14,20.3408660722848,0,"eglC","Aug",2004,8,40.7435701553349,40.7435701553349,1.62058958973317,0,0,-0.848465100341139,0.784529286787432,-0.0122652123587397,0.0151581128807933,0.173449852730102
"134","20","hol M2","hol","M2",-0.488890968808365,0.461371595386918,-1.42403795195395,0.383911736403557,"log","r[20,6]",6,3,8.30910939234171,1,"holC","Aug",2004,5,25.4647313470843,25.4647313470843,1.42266748967166,0,0,-0.573411937307158,0.562779822587277,-0.0133767057071845,-0.00780907758490365,0.108279031515887
"135","20","hol MR1","hol","MR1",-0.337906566110761,0.655557186829526,-1.73624247292228,0.84433270485989,"log","r[20,7]",7,1,3.82949250534082,8,"holC","Aug",2004,0,10.1858925388337,0,1.04867064281131,1.04867064281131,10.1858925388337,-0.573411937307158,0.562779822587277,-0.0133767057071845,-0.00780907758490365,-0.0969398739243622
"136","20","hol MR2","hol","MR2",-0.626672020374729,0.535238374919757,-1.69875894050647,0.403222368289643,"log","r[20,8]",8,3,6.88626227260183,1,"holC","Aug",2004,0,0,0,0,0,0,-0.573411937307158,0.562779822587277,-0.0133767057071845,-0.00780907758490365,-0.673336518735143
